{"count":1,"self":98.5657344,"total":602.5034985,"children":{"InitializeActuators":{"count":50,"self":0.00099969999999999985,"total":0.00099969999999999985,"children":null},"InitializeSensors":{"count":50,"self":0.0020004,"total":0.0020004,"children":null},"AgentSendState":{"count":50166,"self":0.99859769999999992,"total":15.6494219,"children":{"CollectObservations":{"count":501700,"self":11.207483999999999,"total":11.2074839,"children":null},"WriteActionMask":{"count":501700,"self":0.18304869999999998,"total":0.18304869999999998,"children":null},"RequestDecision":{"count":501700,"self":0.7424428,"total":3.2602916,"children":{"AgentInfo.ToProto":{"count":501700,"self":0.6422741,"total":2.5178488,"children":{"GenerateSensorData":{"count":501700,"self":1.8755747999999999,"total":1.8755746999999998,"children":null}}}}}}},"DecideAction":{"count":50166,"self":485.48792319999995,"total":485.4879203,"children":null},"AgentAct":{"count":50166,"self":2.7404303999999997,"total":2.7404303,"children":null},"AgentInfo.ToProto":{"count":6910,"self":0.0249981,"total":0.055993299999999996,"children":{"GenerateSensorData":{"count":6910,"self":0.030995199999999997,"total":0.030995199999999997,"children":null}}}},"gauges":{"HitBall.CumulativeReward":{"count":6910,"max":4,"min":-4,"runningAverage":-1.69797349,"value":0,"weightedAverage":-0.7824464}},"metadata":{"timer_format_version":"0.1.0","start_time_seconds":"1667708901","unity_version":"2021.3.10f1","command_line_arguments":"C:\\Program Files\\Unity 2021.3.10f1\\Editor\\Unity.exe -projectpath C:\\Users\\crazy\\source\\repos\\Breakout-Clone\\Breakout Clone Tutorial -useHub -hubIPC -cloudEnvironment production -licensingIpc LicenseClient-crazy -hubSessionId 9f7221f0-5b28-11ed-b734-07557e1d2b9f -accessToken ZOwYAHjD-tTgTenpT7IXRJFkLhj11DRVm_EKUFWAX9I001f","communication_protocol_version":"1.5.0","com.unity.ml-agents_version":"2.0.1","scene_name":"Game and UI","end_time_seconds":"1667709504"}}