{"count":1,"self":125.77428479999999,"total":563.3031498,"children":{"InitializeActuators":{"count":50,"self":0.0030017999999999998,"total":0.0030017999999999998,"children":null},"InitializeSensors":{"count":50,"self":0.0020001999999999997,"total":0.0020001999999999997,"children":null},"AgentSendState":{"count":100150,"self":8.6158495999999989,"total":39.8666395,"children":{"CollectObservations":{"count":1001500,"self":3.2051764,"total":3.2051762999999998,"children":null},"WriteActionMask":{"count":1001500,"self":2.0327544,"total":2.0327545,"children":null},"RequestDecision":{"count":1001500,"self":8.4816544,"total":26.0128587,"children":{"AgentInfo.ToProto":{"count":1001500,"self":5.7938988,"total":17.5312041,"children":{"GenerateSensorData":{"count":1001500,"self":11.7373056,"total":11.7373054,"children":null}}}}}}},"DecideAction":{"count":100150,"self":387.938816,"total":387.9388209,"children":null},"AgentAct":{"count":100150,"self":9.6764104,"total":9.6764105999999988,"children":null},"AgentInfo.ToProto":{"count":1307,"self":0.013000699999999999,"total":0.0409982,"children":{"GenerateSensorData":{"count":1307,"self":0.027997499999999998,"total":0.027997499999999998,"children":null}}}},"gauges":{"HitBall.CumulativeReward":{"count":1307,"max":125,"min":0,"runningAverage":16.9517841,"value":24,"weightedAverage":16.22917}},"metadata":{"timer_format_version":"0.1.0","start_time_seconds":"1668458697","unity_version":"2021.3.10f1","command_line_arguments":"C:\\Program Files\\Unity 2021.3.10f1\\Editor\\Unity.exe -projectpath C:\\Users\\crazy\\source\\repos\\Breakout-Clone\\Breakout Clone Tutorial -useHub -hubIPC -cloudEnvironment production -licensingIpc LicenseClient-crazy -hubSessionId e81da400-643e-11ed-b14a-c9d5bfc5e2ae -accessToken QBNqIJJAQmx6A6yc_qb0H1yXyX2KODKf8q1-jiYLEiY001f","communication_protocol_version":"1.5.0","com.unity.ml-agents_version":"2.0.1","scene_name":"Game and UI","end_time_seconds":"1668459260"}}