{"count":1,"self":1091.0852095999999,"total":4274.4758452,"children":{"InitializeActuators":{"count":50,"self":0.0010004,"total":0.0010004,"children":null},"InitializeSensors":{"count":50,"self":0.0030001999999999997,"total":0.0030001999999999997,"children":null},"AgentSendState":{"count":1000150,"self":70.271391999999992,"total":326.3243515,"children":{"CollectObservations":{"count":10001500,"self":26.342484799999998,"total":26.3424846,"children":null},"WriteActionMask":{"count":10001500,"self":16.9363904,"total":16.9363897,"children":null},"RequestDecision":{"count":10001500,"self":69.2430912,"total":212.7740857,"children":{"AgentInfo.ToProto":{"count":10001500,"self":49.036476799999996,"total":143.5309936,"children":{"GenerateSensorData":{"count":10001500,"self":94.4945152,"total":94.494517899999991,"children":null}}}}}}},"DecideAction":{"count":1000150,"self":2778.3239679999997,"total":2778.3239080999997,"children":null},"AgentAct":{"count":1000150,"self":78.63136,"total":78.6313588,"children":null},"AgentInfo.ToProto":{"count":4318,"self":0.040990599999999995,"total":0.10698719999999999,"children":{"GenerateSensorData":{"count":4318,"self":0.0659966,"total":0.0659966,"children":null}}}},"gauges":{"HitBall.CumulativeReward":{"count":4318,"max":297,"min":0,"runningAverage":54.85827,"value":192,"weightedAverage":98.42717}},"metadata":{"timer_format_version":"0.1.0","start_time_seconds":"1668743128","unity_version":"2021.3.10f1","command_line_arguments":"C:\\Program Files\\Unity 2021.3.10f1\\Editor\\Unity.exe -projectpath C:\\Users\\crazy\\source\\repos\\Breakout-Clone\\Breakout Clone Tutorial -useHub -hubIPC -cloudEnvironment production -licensingIpc LicenseClient-crazy -hubSessionId b3ff7d10-66e6-11ed-a89b-ed2bf816c203 -accessToken oaf01ZuJa9mgH0hvBZtaj3_544VZ5I1c5wZiu482bFc001f","communication_protocol_version":"1.5.0","com.unity.ml-agents_version":"2.0.1","scene_name":"Game and UI","end_time_seconds":"1668747402"}}