{"count":1,"self":126.66812159999999,"total":1425.8320638,"children":{"InitializeActuators":{"count":50,"self":0.0020001,"total":0.0020001,"children":null},"InitializeSensors":{"count":50,"self":0.0029996999999999997,"total":0.0029996999999999997,"children":null},"AgentSendState":{"count":100183,"self":8.6391695999999989,"total":39.4801785,"children":{"CollectObservations":{"count":1001850,"self":3.0009816,"total":3.0009815,"children":null},"WriteActionMask":{"count":1001850,"self":2.0466766,"total":2.0466766,"children":null},"RequestDecision":{"count":1001850,"self":8.589539199999999,"total":25.793350699999998,"children":{"AgentInfo.ToProto":{"count":1001850,"self":5.7644319999999993,"total":17.203811299999998,"children":{"GenerateSensorData":{"count":1001850,"self":11.4393792,"total":11.4393794,"children":null}}}}}}},"DecideAction":{"count":100183,"self":1250.033152,"total":1250.0331263,"children":null},"AgentAct":{"count":100183,"self":9.5956528,"total":9.5956529,"children":null},"AgentInfo.ToProto":{"count":1420,"self":0.0199951,"total":0.048991,"children":{"GenerateSensorData":{"count":1420,"self":0.028995899999999998,"total":0.028995899999999998,"children":null}}}},"gauges":{"HitBall.CumulativeReward":{"count":1420,"max":127,"min":0,"runningAverage":15.3823977,"value":0,"weightedAverage":12.67144}},"metadata":{"timer_format_version":"0.1.0","start_time_seconds":"1668449553","unity_version":"2021.3.10f1","command_line_arguments":"C:\\Program Files\\Unity 2021.3.10f1\\Editor\\Unity.exe -projectpath C:\\Users\\crazy\\source\\repos\\Breakout-Clone\\Breakout Clone Tutorial -useHub -hubIPC -cloudEnvironment production -licensingIpc LicenseClient-crazy -hubSessionId e81da400-643e-11ed-b14a-c9d5bfc5e2ae -accessToken QBNqIJJAQmx6A6yc_qb0H1yXyX2KODKf8q1-jiYLEiY001f","communication_protocol_version":"1.5.0","com.unity.ml-agents_version":"2.0.1","scene_name":"Game and UI","end_time_seconds":"1668450979"}}