{"count":1,"self":903.0166528,"total":4235.7125043,"children":{"InitializeActuators":{"count":75,"self":0.0020001999999999997,"total":0.0020001999999999997,"children":null},"InitializeSensors":{"count":75,"self":0.0019998999999999998,"total":0.0019998999999999998,"children":null},"AgentSendState":{"count":665350,"self":68.9766272,"total":321.6927253,"children":{"CollectObservations":{"count":9980250,"self":26.075191999999998,"total":26.0751924,"children":null},"WriteActionMask":{"count":9980250,"self":16.7009904,"total":16.70099,"children":null},"RequestDecision":{"count":9980250,"self":68.08168959999999,"total":209.9399129,"children":{"AgentInfo.ToProto":{"count":9980250,"self":48.2374016,"total":141.8582245,"children":{"GenerateSensorData":{"count":9980250,"self":93.6208192,"total":93.620821299999989,"children":null}}}}}}},"DecideAction":{"count":665350,"self":2928.1894399999996,"total":2928.1893408,"children":null},"AgentAct":{"count":665350,"self":82.7237632,"total":82.72376109999999,"children":null},"AgentInfo.ToProto":{"count":2817,"self":0.035011099999999996,"total":0.083007,"children":{"GenerateSensorData":{"count":2817,"self":0.0479959,"total":0.0479959,"children":null}}}},"gauges":{"HitBall.CumulativeReward":{"count":2817,"max":326,"min":0,"runningAverage":92.8469238,"value":0,"weightedAverage":69.5376}},"metadata":{"timer_format_version":"0.1.0","start_time_seconds":"1668789826","unity_version":"2021.3.10f1","command_line_arguments":"C:\\Program Files\\Unity 2021.3.10f1\\Editor\\Unity.exe -projectpath C:\\Users\\crazy\\source\\repos\\Breakout-Clone\\Breakout Clone Tutorial -useHub -hubIPC -cloudEnvironment production -licensingIpc LicenseClient-crazy -hubSessionId b3ff7d10-66e6-11ed-a89b-ed2bf816c203 -accessToken oaf01ZuJa9mgH0hvBZtaj3_544VZ5I1c5wZiu482bFc001f","communication_protocol_version":"1.5.0","com.unity.ml-agents_version":"2.0.1","scene_name":"Game and UI","end_time_seconds":"1668794061"}}