{"count":1,"self":958.5384448,"total":4134.5354837999994,"children":{"InitializeActuators":{"count":75,"self":0.0019998,"total":0.0019998,"children":null},"InitializeSensors":{"count":75,"self":0.0020001999999999997,"total":0.0020001999999999997,"children":null},"AgentSendState":{"count":666833,"self":65.8513664,"total":301.4970198,"children":{"CollectObservations":{"count":10002525,"self":25.132620799999998,"total":25.132620199999998,"children":null},"WriteActionMask":{"count":10002525,"self":15.730033599999999,"total":15.7300334,"children":null},"RequestDecision":{"count":10002525,"self":63.5117632,"total":194.7830021,"children":{"AgentInfo.ToProto":{"count":10002525,"self":44.637289599999995,"total":131.2712407,"children":{"GenerateSensorData":{"count":10002525,"self":86.633952,"total":86.633951,"children":null}}}}}}},"DecideAction":{"count":666833,"self":2797.093888,"total":2797.0939212999997,"children":null},"AgentAct":{"count":666833,"self":77.3300672,"total":77.330067599999992,"children":null},"AgentInfo.ToProto":{"count":2522,"self":0.0260068,"total":0.0710213,"children":{"GenerateSensorData":{"count":2522,"self":0.0450145,"total":0.0450145,"children":null}}}},"gauges":{"HitBall.CumulativeReward":{"count":2522,"max":414,"min":0,"runningAverage":125.155014,"value":119,"weightedAverage":158.672592}},"metadata":{"timer_format_version":"0.1.0","start_time_seconds":"1668827125","unity_version":"2021.3.10f1","command_line_arguments":"C:\\Program Files\\Unity 2021.3.10f1\\Editor\\Unity.exe -projectpath C:\\Users\\crazy\\source\\repos\\Breakout-Clone\\Breakout Clone Tutorial -useHub -hubIPC -cloudEnvironment production -licensingIpc LicenseClient-crazy -hubSessionId b3ff7d10-66e6-11ed-a89b-ed2bf816c203 -accessToken oaf01ZuJa9mgH0hvBZtaj3_544VZ5I1c5wZiu482bFc001f","communication_protocol_version":"1.5.0","com.unity.ml-agents_version":"2.0.1","scene_name":"Game and UI","end_time_seconds":"1668831260"}}